n,keyword_fr,sujet_fr,h1_fr,title_fr,slug_fr,url_fr,sujet_ar,slug_ar,url_ar,h1_ar,pilier_fr,pilier_ar,volume,style_source,plate_id,colorieur
1,coloriage baleine,baleine,Coloriage baleine,Coloriage baleine à imprimer gratuit | Alwan Books,baleine,https://alwanbooks.com/coloriages/animaux-marins/baleine,حوت,حوت,https://alwanbooks.com/ar/تلوين/حيوانات-بحرية/حوت,تلوين حوت,animaux marins,حيوانات بحرية,1600,decoloriage,baleine-0001,OFF (flip S+4)
2,dessin poisson simple,poisson facile,Coloriage poisson facile,Coloriage poisson facile à imprimer gratuit | Alwan Books,poisson-facile,https://alwanbooks.com/coloriages/animaux-marins/poisson-facile,سمكة بسيطة,سمكة-بسيطة,https://alwanbooks.com/ar/تلوين/حيوانات-بحرية/سمكة-بسيطة,تلوين سمكة بسيطة,animaux marins,حيوانات بحرية,1600,lineart-fill,poisson-facile-0002,OFF (flip S+4)
3,dessin tortue de mer,tortue de mer,Coloriage tortue de mer,Coloriage tortue de mer à imprimer gratuit | Alwan Books,tortue-de-mer,https://alwanbooks.com/coloriages/animaux-marins/tortue-de-mer,سلحفاة بحرية,سلحفاة-بحرية,https://alwanbooks.com/ar/تلوين/حيوانات-بحرية/سلحفاة-بحرية,تلوين سلحفاة بحرية,animaux marins,حيوانات بحرية,1000,decoloriage,tortue-de-mer-0003,OFF (flip S+4)
4,dessin hippocampe facile,hippocampe,Coloriage hippocampe,Coloriage hippocampe à imprimer gratuit | Alwan Books,hippocampe,https://alwanbooks.com/coloriages/animaux-marins/hippocampe,حصان البحر,حصان-البحر,https://alwanbooks.com/ar/تلوين/حيوانات-بحرية/حصان-البحر,تلوين حصان البحر,animaux marins,حيوانات بحرية,1000,lineart-fill,hippocampe-0004,OFF (flip S+4)
5,dessin crabe facile,crabe,Coloriage crabe,Coloriage crabe à imprimer gratuit | Alwan Books,crabe,https://alwanbooks.com/coloriages/animaux-marins/crabe,سلطعون,سلطعون,https://alwanbooks.com/ar/تلوين/حيوانات-بحرية/سلطعون,تلوين سلطعون,animaux marins,حيوانات بحرية,880,lineart-fill,crabe-0005,OFF (flip S+4)
6,dessin poisson rouge,poisson rouge,Coloriage poisson rouge,Coloriage poisson rouge à imprimer gratuit | Alwan Books,poisson-rouge,https://alwanbooks.com/coloriages/animaux-marins/poisson-rouge,سمكة ذهبية,سمكة-ذهبية,https://alwanbooks.com/ar/تلوين/حيوانات-بحرية/سمكة-ذهبية,تلوين سمكة ذهبية,animaux marins,حيوانات بحرية,720,decoloriage,poisson-rouge-0006,OFF (flip S+4)
7,coloriage pieuvre,pieuvre,Coloriage pieuvre,Coloriage pieuvre à imprimer gratuit | Alwan Books,pieuvre,https://alwanbooks.com/coloriages/animaux-marins/pieuvre,أخطبوط,أخطبوط,https://alwanbooks.com/ar/تلوين/حيوانات-بحرية/أخطبوط,تلوين أخطبوط,animaux marins,حيوانات بحرية,720,decoloriage,pieuvre-0007,OFF (flip S+4)
8,dessin baleine bleue,baleine bleue,Coloriage baleine bleue,Coloriage baleine bleue à imprimer gratuit | Alwan Books,baleine-bleue,https://alwanbooks.com/coloriages/animaux-marins/baleine-bleue,الحوت الأزرق,الحوت-الأزرق,https://alwanbooks.com/ar/تلوين/حيوانات-بحرية/الحوت-الأزرق,تلوين الحوت الأزرق,animaux marins,حيوانات بحرية,480,decoloriage,baleine-bleue-0008,OFF (flip S+4)
9,coloriage meduse,méduse,Coloriage méduse,Coloriage méduse à imprimer gratuit | Alwan Books,meduse,https://alwanbooks.com/coloriages/animaux-marins/meduse,قنديل البحر,قنديل-البحر,https://alwanbooks.com/ar/تلوين/حيوانات-بحرية/قنديل-البحر,تلوين قنديل البحر,animaux marins,حيوانات بحرية,480,decoloriage,meduse-0009,OFF (flip S+4)
10,dessin poisson rigolo facile,poisson rigolo,Coloriage poisson rigolo,Coloriage poisson rigolo à imprimer gratuit | Alwan Books,poisson-rigolo,https://alwanbooks.com/coloriages/animaux-marins/poisson-rigolo,سمكة مضحكة,سمكة-مضحكة,https://alwanbooks.com/ar/تلوين/حيوانات-بحرية/سمكة-مضحكة,تلوين سمكة مضحكة,animaux marins,حيوانات بحرية,390,lineart-fill,poisson-rigolo-0010,OFF (flip S+4)
